week_label,total_tickets,avg_resolution_sla_mins,avg_response_sla_seconds,resolution_pass_rate,response_pass_rate
week 49,1085,141.64058986175115,269.4221198156682,59.08,20.28
week 50,1257,138.14270485282418,267.69928400954655,59.51,21.0
week 51,1219,138.39034454470877,266.85808039376536,60.62,21.33
week 52,1304,143.27873466257668,259.17484662576686,59.36,19.79
week 53,1133,164.26091791703442,308.4466019417476,52.25,4.5
